state_abbr,state_id,PRO-GUN,ANTI-GUN,federal_PRO-GUN,state_PRO-GUN,federal_ANTI-GUN,state_ANTI-GUN,federal_PRO-GUN,state_PRO-GUN,federal_ANTI-GUN,state_ANTI-GUN,,,,,,,,,,,,,
AL,1,478626.74,8000,429398,49228.74,8000,N/A,http://data.influenceexplorer.com/contributions/#Y29udHJpYnV0b3JfaW5kdXN0cnk9UTEzJnJlY2lwaWVudF9zdGF0ZT1BTCZnZW5lcmFsX3RyYW5zYWN0aW9uX3R5cGU9c3RhbmRhcmQmdHJhbnNhY3Rpb25fbmFtZXNwYWNlPXVybiUzQWZlYyUzQXRyYW5zYWN0aW9u,http://data.influenceexplorer.com/contributions/#Y29udHJpYnV0b3JfaW5kdXN0cnk9UTEzJnJlY2lwaWVudF9zdGF0ZT1BTCZnZW5lcmFsX3RyYW5zYWN0aW9uX3R5cGU9c3RhbmRhcmQmdHJhbnNhY3Rpb25fbmFtZXNwYWNlPXVybiUzQW5pbXNwJTNBdHJhbnNhY3Rpb24=,http://data.influenceexplorer.com/contributions/#Y29udHJpYnV0b3JfaW5kdXN0cnk9UTEyJnJlY2lwaWVudF9zdGF0ZT1BTCZnZW5lcmFsX3RyYW5zYWN0aW9uX3R5cGU9c3RhbmRhcmQmdHJhbnNhY3Rpb25fbmFtZXNwYWNlPXVybiUzQWZlYyUzQXRyYW5zYWN0aW9u,N/A,,,,,,,,,,,,,
AK,2,213972,N/A,188252,25720,N/A,N/A,http://data.influenceexplorer.com/contributions/#Y29udHJpYnV0b3JfaW5kdXN0cnk9UTEzJnJlY2lwaWVudF9zdGF0ZT1BSyZnZW5lcmFsX3RyYW5zYWN0aW9uX3R5cGU9c3RhbmRhcmQmdHJhbnNhY3Rpb25fbmFtZXNwYWNlPXVybiUzQWZlYyUzQXRyYW5zYWN0aW9u,http://data.influenceexplorer.com/contributions/#Y29udHJpYnV0b3JfaW5kdXN0cnk9UTEzJnJlY2lwaWVudF9zdGF0ZT1BSyZnZW5lcmFsX3RyYW5zYWN0aW9uX3R5cGU9c3RhbmRhcmQmdHJhbnNhY3Rpb25fbmFtZXNwYWNlPXVybiUzQW5pbXNwJTNBdHJhbnNhY3Rpb24=,N/A,N/A,,,,,,,,,,,,,
AZ,4,705530.53,14510,488406,217124.53,14510,N/A,http://data.influenceexplorer.com/contributions/#Y29udHJpYnV0b3JfaW5kdXN0cnk9UTEzJnJlY2lwaWVudF9zdGF0ZT1BWiZnZW5lcmFsX3RyYW5zYWN0aW9uX3R5cGU9c3RhbmRhcmQmdHJhbnNhY3Rpb25fbmFtZXNwYWNlPXVybiUzQWZlYyUzQXRyYW5zYWN0aW9u,http://data.influenceexplorer.com/contributions/#Y29udHJpYnV0b3JfaW5kdXN0cnk9UTEzJnJlY2lwaWVudF9zdGF0ZT1BWiZnZW5lcmFsX3RyYW5zYWN0aW9uX3R5cGU9c3RhbmRhcmQmdHJhbnNhY3Rpb25fbmFtZXNwYWNlPXVybiUzQW5pbXNwJTNBdHJhbnNhY3Rpb24=,http://data.influenceexplorer.com/contributions/#Y29udHJpYnV0b3JfaW5kdXN0cnk9UTEyJnJlY2lwaWVudF9zdGF0ZT1BWiZnZW5lcmFsX3RyYW5zYWN0aW9uX3R5cGU9c3RhbmRhcmQmdHJhbnNhY3Rpb25fbmFtZXNwYWNlPXVybiUzQWZlYyUzQXRyYW5zYWN0aW9u,N/A,,,,,,,,,,,,,
AR,5,245196,2000,224496,20700,2000,N/A,http://data.influenceexplorer.com/contributions/#Y29udHJpYnV0b3JfaW5kdXN0cnk9UTEzJnJlY2lwaWVudF9zdGF0ZT1BUiZnZW5lcmFsX3RyYW5zYWN0aW9uX3R5cGU9c3RhbmRhcmQmdHJhbnNhY3Rpb25fbmFtZXNwYWNlPXVybiUzQWZlYyUzQXRyYW5zYWN0aW9u,http://data.influenceexplorer.com/contributions/#Y29udHJpYnV0b3JfaW5kdXN0cnk9UTEzJnJlY2lwaWVudF9zdGF0ZT1BUiZnZW5lcmFsX3RyYW5zYWN0aW9uX3R5cGU9c3RhbmRhcmQmdHJhbnNhY3Rpb25fbmFtZXNwYWNlPXVybiUzQW5pbXNwJTNBdHJhbnNhY3Rpb24=,http://data.influenceexplorer.com/contributions/#Y29udHJpYnV0b3JfaW5kdXN0cnk9UTEyJnJlY2lwaWVudF9zdGF0ZT1BUiZnZW5lcmFsX3RyYW5zYWN0aW9uX3R5cGU9c3RhbmRhcmQmdHJhbnNhY3Rpb25fbmFtZXNwYWNlPXVybiUzQWZlYyUzQXRyYW5zYWN0aW9u,N/A,,,,,,,,,,,,,
CA,6,2566496.05,201794,1282499,1283997.05,191944,9850,http://data.influenceexplorer.com/contributions/#Y29udHJpYnV0b3JfaW5kdXN0cnk9UTEzJnJlY2lwaWVudF9zdGF0ZT1DQSZnZW5lcmFsX3RyYW5zYWN0aW9uX3R5cGU9c3RhbmRhcmQmdHJhbnNhY3Rpb25fbmFtZXNwYWNlPXVybiUzQWZlYyUzQXRyYW5zYWN0aW9u,http://data.influenceexplorer.com/contributions/#Y29udHJpYnV0b3JfaW5kdXN0cnk9UTEzJnJlY2lwaWVudF9zdGF0ZT1DQSZnZW5lcmFsX3RyYW5zYWN0aW9uX3R5cGU9c3RhbmRhcmQmdHJhbnNhY3Rpb25fbmFtZXNwYWNlPXVybiUzQW5pbXNwJTNBdHJhbnNhY3Rpb24=,http://data.influenceexplorer.com/contributions/#Y29udHJpYnV0b3JfaW5kdXN0cnk9UTEyJnJlY2lwaWVudF9zdGF0ZT1DQSZnZW5lcmFsX3RyYW5zYWN0aW9uX3R5cGU9c3RhbmRhcmQmdHJhbnNhY3Rpb25fbmFtZXNwYWNlPXVybiUzQWZlYyUzQXRyYW5zYWN0aW9u,http://data.influenceexplorer.com/contributions/#Y29udHJpYnV0b3JfaW5kdXN0cnk9UTEyJnJlY2lwaWVudF9zdGF0ZT1DQSZnZW5lcmFsX3RyYW5zYWN0aW9uX3R5cGU9c3RhbmRhcmQmdHJhbnNhY3Rpb25fbmFtZXNwYWNlPXVybiUzQW5pbXNwJTNBdHJhbnNhY3Rpb24=,,,,,,,,,,,,,
CO,8,613183.17,114627,427970,185213.17,61327,53300,http://data.influenceexplorer.com/contributions/#Y29udHJpYnV0b3JfaW5kdXN0cnk9UTEzJnJlY2lwaWVudF9zdGF0ZT1DTyZnZW5lcmFsX3RyYW5zYWN0aW9uX3R5cGU9c3RhbmRhcmQmdHJhbnNhY3Rpb25fbmFtZXNwYWNlPXVybiUzQWZlYyUzQXRyYW5zYWN0aW9u,http://data.influenceexplorer.com/contributions/#Y29udHJpYnV0b3JfaW5kdXN0cnk9UTEzJnJlY2lwaWVudF9zdGF0ZT1DTyZnZW5lcmFsX3RyYW5zYWN0aW9uX3R5cGU9c3RhbmRhcmQmdHJhbnNhY3Rpb25fbmFtZXNwYWNlPXVybiUzQW5pbXNwJTNBdHJhbnNhY3Rpb24=,http://data.influenceexplorer.com/contributions/#Y29udHJpYnV0b3JfaW5kdXN0cnk9UTEyJnJlY2lwaWVudF9zdGF0ZT1DTyZnZW5lcmFsX3RyYW5zYWN0aW9uX3R5cGU9c3RhbmRhcmQmdHJhbnNhY3Rpb25fbmFtZXNwYWNlPXVybiUzQWZlYyUzQXRyYW5zYWN0aW9u,http://data.influenceexplorer.com/contributions/#Y29udHJpYnV0b3JfaW5kdXN0cnk9UTEyJnJlY2lwaWVudF9zdGF0ZT1DTyZnZW5lcmFsX3RyYW5zYWN0aW9uX3R5cGU9c3RhbmRhcmQmdHJhbnNhY3Rpb25fbmFtZXNwYWNlPXVybiUzQW5pbXNwJTNBdHJhbnNhY3Rpb24=,,,,,,,,,,,,,
CT,9,177796,47161.63,121596,56200,43666,3495.63,http://data.influenceexplorer.com/contributions/#Y29udHJpYnV0b3JfaW5kdXN0cnk9UTEzJnJlY2lwaWVudF9zdGF0ZT1DVCZnZW5lcmFsX3RyYW5zYWN0aW9uX3R5cGU9c3RhbmRhcmQmdHJhbnNhY3Rpb25fbmFtZXNwYWNlPXVybiUzQWZlYyUzQXRyYW5zYWN0aW9u,http://data.influenceexplorer.com/contributions/#Y29udHJpYnV0b3JfaW5kdXN0cnk9UTEzJnJlY2lwaWVudF9zdGF0ZT1DVCZnZW5lcmFsX3RyYW5zYWN0aW9uX3R5cGU9c3RhbmRhcmQmdHJhbnNhY3Rpb25fbmFtZXNwYWNlPXVybiUzQW5pbXNwJTNBdHJhbnNhY3Rpb24=,http://data.influenceexplorer.com/contributions/#Y29udHJpYnV0b3JfaW5kdXN0cnk9UTEyJnJlY2lwaWVudF9zdGF0ZT1DVCZnZW5lcmFsX3RyYW5zYWN0aW9uX3R5cGU9c3RhbmRhcmQmdHJhbnNhY3Rpb25fbmFtZXNwYWNlPXVybiUzQWZlYyUzQXRyYW5zYWN0aW9u,http://data.influenceexplorer.com/contributions/#Y29udHJpYnV0b3JfaW5kdXN0cnk9UTEyJnJlY2lwaWVudF9zdGF0ZT1DVCZnZW5lcmFsX3RyYW5zYWN0aW9uX3R5cGU9c3RhbmRhcmQmdHJhbnNhY3Rpb25fbmFtZXNwYWNlPXVybiUzQW5pbXNwJTNBdHJhbnNhY3Rpb24=,,,,,,,,,,,,,
DE,10,131407,18450,25070,106337,18450,N/A,http://data.influenceexplorer.com/contributions/#Y29udHJpYnV0b3JfaW5kdXN0cnk9UTEzJnJlY2lwaWVudF9zdGF0ZT1ERSZnZW5lcmFsX3RyYW5zYWN0aW9uX3R5cGU9c3RhbmRhcmQmdHJhbnNhY3Rpb25fbmFtZXNwYWNlPXVybiUzQWZlYyUzQXRyYW5zYWN0aW9u,http://data.influenceexplorer.com/contributions/#Y29udHJpYnV0b3JfaW5kdXN0cnk9UTEzJnJlY2lwaWVudF9zdGF0ZT1ERSZnZW5lcmFsX3RyYW5zYWN0aW9uX3R5cGU9c3RhbmRhcmQmdHJhbnNhY3Rpb25fbmFtZXNwYWNlPXVybiUzQW5pbXNwJTNBdHJhbnNhY3Rpb24=,http://data.influenceexplorer.com/contributions/#Y29udHJpYnV0b3JfaW5kdXN0cnk9UTEyJnJlY2lwaWVudF9zdGF0ZT1ERSZnZW5lcmFsX3RyYW5zYWN0aW9uX3R5cGU9c3RhbmRhcmQmdHJhbnNhY3Rpb25fbmFtZXNwYWNlPXVybiUzQWZlYyUzQXRyYW5zYWN0aW9u,N/A,,,,,,,,,,,,,
DC,11,N/A,3500,N/A,N/A,3500,N/A,N/A,N/A,http://data.influenceexplorer.com/contributions/#Y29udHJpYnV0b3JfaW5kdXN0cnk9UTEyJnJlY2lwaWVudF9zdGF0ZT1EQyZnZW5lcmFsX3RyYW5zYWN0aW9uX3R5cGU9c3RhbmRhcmQmdHJhbnNhY3Rpb25fbmFtZXNwYWNlPXVybiUzQWZlYyUzQXRyYW5zYWN0aW9u,N/A,,,,,,,,,,,,,
FL,12,1252872,58871,874872,378000,58071,800,http://data.influenceexplorer.com/contributions/#Y29udHJpYnV0b3JfaW5kdXN0cnk9UTEzJnJlY2lwaWVudF9zdGF0ZT1GTCZnZW5lcmFsX3RyYW5zYWN0aW9uX3R5cGU9c3RhbmRhcmQmdHJhbnNhY3Rpb25fbmFtZXNwYWNlPXVybiUzQWZlYyUzQXRyYW5zYWN0aW9u,http://data.influenceexplorer.com/contributions/#Y29udHJpYnV0b3JfaW5kdXN0cnk9UTEzJnJlY2lwaWVudF9zdGF0ZT1GTCZnZW5lcmFsX3RyYW5zYWN0aW9uX3R5cGU9c3RhbmRhcmQmdHJhbnNhY3Rpb25fbmFtZXNwYWNlPXVybiUzQW5pbXNwJTNBdHJhbnNhY3Rpb24=,http://data.influenceexplorer.com/contributions/#Y29udHJpYnV0b3JfaW5kdXN0cnk9UTEyJnJlY2lwaWVudF9zdGF0ZT1GTCZnZW5lcmFsX3RyYW5zYWN0aW9uX3R5cGU9c3RhbmRhcmQmdHJhbnNhY3Rpb25fbmFtZXNwYWNlPXVybiUzQWZlYyUzQXRyYW5zYWN0aW9u,http://data.influenceexplorer.com/contributions/#Y29udHJpYnV0b3JfaW5kdXN0cnk9UTEyJnJlY2lwaWVudF9zdGF0ZT1GTCZnZW5lcmFsX3RyYW5zYWN0aW9uX3R5cGU9c3RhbmRhcmQmdHJhbnNhY3Rpb25fbmFtZXNwYWNlPXVybiUzQW5pbXNwJTNBdHJhbnNhY3Rpb24=,,,,,,,,,,,,,
GA,13,1109597,13555,752647,356950,12855,700,http://data.influenceexplorer.com/contributions/#Y29udHJpYnV0b3JfaW5kdXN0cnk9UTEzJnJlY2lwaWVudF9zdGF0ZT1HQSZnZW5lcmFsX3RyYW5zYWN0aW9uX3R5cGU9c3RhbmRhcmQmdHJhbnNhY3Rpb25fbmFtZXNwYWNlPXVybiUzQWZlYyUzQXRyYW5zYWN0aW9u,http://data.influenceexplorer.com/contributions/#Y29udHJpYnV0b3JfaW5kdXN0cnk9UTEzJnJlY2lwaWVudF9zdGF0ZT1HQSZnZW5lcmFsX3RyYW5zYWN0aW9uX3R5cGU9c3RhbmRhcmQmdHJhbnNhY3Rpb25fbmFtZXNwYWNlPXVybiUzQW5pbXNwJTNBdHJhbnNhY3Rpb24=,http://data.influenceexplorer.com/contributions/#Y29udHJpYnV0b3JfaW5kdXN0cnk9UTEyJnJlY2lwaWVudF9zdGF0ZT1HQSZnZW5lcmFsX3RyYW5zYWN0aW9uX3R5cGU9c3RhbmRhcmQmdHJhbnNhY3Rpb25fbmFtZXNwYWNlPXVybiUzQWZlYyUzQXRyYW5zYWN0aW9u,http://data.influenceexplorer.com/contributions/#Y29udHJpYnV0b3JfaW5kdXN0cnk9UTEyJnJlY2lwaWVudF9zdGF0ZT1HQSZnZW5lcmFsX3RyYW5zYWN0aW9uX3R5cGU9c3RhbmRhcmQmdHJhbnNhY3Rpb25fbmFtZXNwYWNlPXVybiUzQW5pbXNwJTNBdHJhbnNhY3Rpb24=,,,,,,,,,,,,,
HI,15,86267,3000,40000,46267,3000,N/A,http://data.influenceexplorer.com/contributions/#Y29udHJpYnV0b3JfaW5kdXN0cnk9UTEzJnJlY2lwaWVudF9zdGF0ZT1ISSZnZW5lcmFsX3RyYW5zYWN0aW9uX3R5cGU9c3RhbmRhcmQmdHJhbnNhY3Rpb25fbmFtZXNwYWNlPXVybiUzQWZlYyUzQXRyYW5zYWN0aW9u,http://data.influenceexplorer.com/contributions/#Y29udHJpYnV0b3JfaW5kdXN0cnk9UTEzJnJlY2lwaWVudF9zdGF0ZT1ISSZnZW5lcmFsX3RyYW5zYWN0aW9uX3R5cGU9c3RhbmRhcmQmdHJhbnNhY3Rpb25fbmFtZXNwYWNlPXVybiUzQW5pbXNwJTNBdHJhbnNhY3Rpb24=,http://data.influenceexplorer.com/contributions/#Y29udHJpYnV0b3JfaW5kdXN0cnk9UTEyJnJlY2lwaWVudF9zdGF0ZT1ISSZnZW5lcmFsX3RyYW5zYWN0aW9uX3R5cGU9c3RhbmRhcmQmdHJhbnNhY3Rpb25fbmFtZXNwYWNlPXVybiUzQWZlYyUzQXRyYW5zYWN0aW9u,N/A,,,,,,,,,,,,,
ID,16,365257,N/A,301557,63700,N/A,N/A,http://data.influenceexplorer.com/contributions/#Y29udHJpYnV0b3JfaW5kdXN0cnk9UTEzJnJlY2lwaWVudF9zdGF0ZT1JRCZnZW5lcmFsX3RyYW5zYWN0aW9uX3R5cGU9c3RhbmRhcmQmdHJhbnNhY3Rpb25fbmFtZXNwYWNlPXVybiUzQWZlYyUzQXRyYW5zYWN0aW9u,http://data.influenceexplorer.com/contributions/#Y29udHJpYnV0b3JfaW5kdXN0cnk9UTEzJnJlY2lwaWVudF9zdGF0ZT1JRCZnZW5lcmFsX3RyYW5zYWN0aW9uX3R5cGU9c3RhbmRhcmQmdHJhbnNhY3Rpb25fbmFtZXNwYWNlPXVybiUzQW5pbXNwJTNBdHJhbnNhY3Rpb24=,N/A,N/A,,,,,,,,,,,,,
IL,17,764813.23,136149.85,446706,318107.23,95576,40573.85,http://data.influenceexplorer.com/contributions/#Y29udHJpYnV0b3JfaW5kdXN0cnk9UTEzJnJlY2lwaWVudF9zdGF0ZT1JTCZnZW5lcmFsX3RyYW5zYWN0aW9uX3R5cGU9c3RhbmRhcmQmdHJhbnNhY3Rpb25fbmFtZXNwYWNlPXVybiUzQWZlYyUzQXRyYW5zYWN0aW9u,http://data.influenceexplorer.com/contributions/#Y29udHJpYnV0b3JfaW5kdXN0cnk9UTEzJnJlY2lwaWVudF9zdGF0ZT1JTCZnZW5lcmFsX3RyYW5zYWN0aW9uX3R5cGU9c3RhbmRhcmQmdHJhbnNhY3Rpb25fbmFtZXNwYWNlPXVybiUzQW5pbXNwJTNBdHJhbnNhY3Rpb24=,http://data.influenceexplorer.com/contributions/#Y29udHJpYnV0b3JfaW5kdXN0cnk9UTEyJnJlY2lwaWVudF9zdGF0ZT1JTCZnZW5lcmFsX3RyYW5zYWN0aW9uX3R5cGU9c3RhbmRhcmQmdHJhbnNhY3Rpb25fbmFtZXNwYWNlPXVybiUzQWZlYyUzQXRyYW5zYWN0aW9u,http://data.influenceexplorer.com/contributions/#Y29udHJpYnV0b3JfaW5kdXN0cnk9UTEyJnJlY2lwaWVudF9zdGF0ZT1JTCZnZW5lcmFsX3RyYW5zYWN0aW9uX3R5cGU9c3RhbmRhcmQmdHJhbnNhY3Rpb25fbmFtZXNwYWNlPXVybiUzQW5pbXNwJTNBdHJhbnNhY3Rpb24=,,,,,,,,,,,,,
IN,18,585242.03,9782,500438,84804.03,9782,N/A,http://data.influenceexplorer.com/contributions/#Y29udHJpYnV0b3JfaW5kdXN0cnk9UTEzJnJlY2lwaWVudF9zdGF0ZT1JTiZnZW5lcmFsX3RyYW5zYWN0aW9uX3R5cGU9c3RhbmRhcmQmdHJhbnNhY3Rpb25fbmFtZXNwYWNlPXVybiUzQWZlYyUzQXRyYW5zYWN0aW9u,http://data.influenceexplorer.com/contributions/#Y29udHJpYnV0b3JfaW5kdXN0cnk9UTEzJnJlY2lwaWVudF9zdGF0ZT1JTiZnZW5lcmFsX3RyYW5zYWN0aW9uX3R5cGU9c3RhbmRhcmQmdHJhbnNhY3Rpb25fbmFtZXNwYWNlPXVybiUzQW5pbXNwJTNBdHJhbnNhY3Rpb24=,http://data.influenceexplorer.com/contributions/#Y29udHJpYnV0b3JfaW5kdXN0cnk9UTEyJnJlY2lwaWVudF9zdGF0ZT1JTiZnZW5lcmFsX3RyYW5zYWN0aW9uX3R5cGU9c3RhbmRhcmQmdHJhbnNhY3Rpb25fbmFtZXNwYWNlPXVybiUzQWZlYyUzQXRyYW5zYWN0aW9u,N/A,,,,,,,,,,,,,
IA,19,440794.93,19897,299336,141458.93,19897,N/A,http://data.influenceexplorer.com/contributions/#Y29udHJpYnV0b3JfaW5kdXN0cnk9UTEzJnJlY2lwaWVudF9zdGF0ZT1JQSZnZW5lcmFsX3RyYW5zYWN0aW9uX3R5cGU9c3RhbmRhcmQmdHJhbnNhY3Rpb25fbmFtZXNwYWNlPXVybiUzQWZlYyUzQXRyYW5zYWN0aW9u,http://data.influenceexplorer.com/contributions/#Y29udHJpYnV0b3JfaW5kdXN0cnk9UTEzJnJlY2lwaWVudF9zdGF0ZT1JQSZnZW5lcmFsX3RyYW5zYWN0aW9uX3R5cGU9c3RhbmRhcmQmdHJhbnNhY3Rpb25fbmFtZXNwYWNlPXVybiUzQW5pbXNwJTNBdHJhbnNhY3Rpb24=,http://data.influenceexplorer.com/contributions/#Y29udHJpYnV0b3JfaW5kdXN0cnk9UTEyJnJlY2lwaWVudF9zdGF0ZT1JQSZnZW5lcmFsX3RyYW5zYWN0aW9uX3R5cGU9c3RhbmRhcmQmdHJhbnNhY3Rpb25fbmFtZXNwYWNlPXVybiUzQWZlYyUzQXRyYW5zYWN0aW9u,N/A,,,,,,,,,,,,,
KS,20,546843,39961,364493,182350,39961,N/A,http://data.influenceexplorer.com/contributions/#Y29udHJpYnV0b3JfaW5kdXN0cnk9UTEzJnJlY2lwaWVudF9zdGF0ZT1LUyZnZW5lcmFsX3RyYW5zYWN0aW9uX3R5cGU9c3RhbmRhcmQmdHJhbnNhY3Rpb25fbmFtZXNwYWNlPXVybiUzQWZlYyUzQXRyYW5zYWN0aW9u,http://data.influenceexplorer.com/contributions/#Y29udHJpYnV0b3JfaW5kdXN0cnk9UTEzJnJlY2lwaWVudF9zdGF0ZT1LUyZnZW5lcmFsX3RyYW5zYWN0aW9uX3R5cGU9c3RhbmRhcmQmdHJhbnNhY3Rpb25fbmFtZXNwYWNlPXVybiUzQW5pbXNwJTNBdHJhbnNhY3Rpb24=,http://data.influenceexplorer.com/contributions/#Y29udHJpYnV0b3JfaW5kdXN0cnk9UTEyJnJlY2lwaWVudF9zdGF0ZT1LUyZnZW5lcmFsX3RyYW5zYWN0aW9uX3R5cGU9c3RhbmRhcmQmdHJhbnNhY3Rpb25fbmFtZXNwYWNlPXVybiUzQWZlYyUzQXRyYW5zYWN0aW9u,N/A,,,,,,,,,,,,,
KY,21,438014,24777,395676,42338,24777,N/A,http://data.influenceexplorer.com/contributions/#Y29udHJpYnV0b3JfaW5kdXN0cnk9UTEzJnJlY2lwaWVudF9zdGF0ZT1LWSZnZW5lcmFsX3RyYW5zYWN0aW9uX3R5cGU9c3RhbmRhcmQmdHJhbnNhY3Rpb25fbmFtZXNwYWNlPXVybiUzQWZlYyUzQXRyYW5zYWN0aW9u,http://data.influenceexplorer.com/contributions/#Y29udHJpYnV0b3JfaW5kdXN0cnk9UTEzJnJlY2lwaWVudF9zdGF0ZT1LWSZnZW5lcmFsX3RyYW5zYWN0aW9uX3R5cGU9c3RhbmRhcmQmdHJhbnNhY3Rpb25fbmFtZXNwYWNlPXVybiUzQW5pbXNwJTNBdHJhbnNhY3Rpb24=,http://data.influenceexplorer.com/contributions/#Y29udHJpYnV0b3JfaW5kdXN0cnk9UTEyJnJlY2lwaWVudF9zdGF0ZT1LWSZnZW5lcmFsX3RyYW5zYWN0aW9uX3R5cGU9c3RhbmRhcmQmdHJhbnNhY3Rpb25fbmFtZXNwYWNlPXVybiUzQWZlYyUzQXRyYW5zYWN0aW9u,N/A,,,,,,,,,,,,,
LA,22,444177.64,1000,395677,48500.64,1000,N/A,http://data.influenceexplorer.com/contributions/#Y29udHJpYnV0b3JfaW5kdXN0cnk9UTEzJnJlY2lwaWVudF9zdGF0ZT1MQSZnZW5lcmFsX3RyYW5zYWN0aW9uX3R5cGU9c3RhbmRhcmQmdHJhbnNhY3Rpb25fbmFtZXNwYWNlPXVybiUzQWZlYyUzQXRyYW5zYWN0aW9u,http://data.influenceexplorer.com/contributions/#Y29udHJpYnV0b3JfaW5kdXN0cnk9UTEzJnJlY2lwaWVudF9zdGF0ZT1MQSZnZW5lcmFsX3RyYW5zYWN0aW9uX3R5cGU9c3RhbmRhcmQmdHJhbnNhY3Rpb25fbmFtZXNwYWNlPXVybiUzQW5pbXNwJTNBdHJhbnNhY3Rpb24=,http://data.influenceexplorer.com/contributions/#Y29udHJpYnV0b3JfaW5kdXN0cnk9UTEyJnJlY2lwaWVudF9zdGF0ZT1MQSZnZW5lcmFsX3RyYW5zYWN0aW9uX3R5cGU9c3RhbmRhcmQmdHJhbnNhY3Rpb25fbmFtZXNwYWNlPXVybiUzQWZlYyUzQXRyYW5zYWN0aW9u,N/A,,,,,,,,,,,,,
ME,23,186012,35643,137162,48850,27318,8325,http://data.influenceexplorer.com/contributions/#Y29udHJpYnV0b3JfaW5kdXN0cnk9UTEzJnJlY2lwaWVudF9zdGF0ZT1NRSZnZW5lcmFsX3RyYW5zYWN0aW9uX3R5cGU9c3RhbmRhcmQmdHJhbnNhY3Rpb25fbmFtZXNwYWNlPXVybiUzQWZlYyUzQXRyYW5zYWN0aW9u,http://data.influenceexplorer.com/contributions/#Y29udHJpYnV0b3JfaW5kdXN0cnk9UTEzJnJlY2lwaWVudF9zdGF0ZT1NRSZnZW5lcmFsX3RyYW5zYWN0aW9uX3R5cGU9c3RhbmRhcmQmdHJhbnNhY3Rpb25fbmFtZXNwYWNlPXVybiUzQW5pbXNwJTNBdHJhbnNhY3Rpb24=,http://data.influenceexplorer.com/contributions/#Y29udHJpYnV0b3JfaW5kdXN0cnk9UTEyJnJlY2lwaWVudF9zdGF0ZT1NRSZnZW5lcmFsX3RyYW5zYWN0aW9uX3R5cGU9c3RhbmRhcmQmdHJhbnNhY3Rpb25fbmFtZXNwYWNlPXVybiUzQWZlYyUzQXRyYW5zYWN0aW9u,http://data.influenceexplorer.com/contributions/#Y29udHJpYnV0b3JfaW5kdXN0cnk9UTEyJnJlY2lwaWVudF9zdGF0ZT1NRSZnZW5lcmFsX3RyYW5zYWN0aW9uX3R5cGU9c3RhbmRhcmQmdHJhbnNhY3Rpb25fbmFtZXNwYWNlPXVybiUzQW5pbXNwJTNBdHJhbnNhY3Rpb24=,,,,,,,,,,,,,
MD,24,454307.92,34950,184700,269607.92,18650,16300,http://data.influenceexplorer.com/contributions/#Y29udHJpYnV0b3JfaW5kdXN0cnk9UTEzJnJlY2lwaWVudF9zdGF0ZT1NRCZnZW5lcmFsX3RyYW5zYWN0aW9uX3R5cGU9c3RhbmRhcmQmdHJhbnNhY3Rpb25fbmFtZXNwYWNlPXVybiUzQWZlYyUzQXRyYW5zYWN0aW9u,http://data.influenceexplorer.com/contributions/#Y29udHJpYnV0b3JfaW5kdXN0cnk9UTEzJnJlY2lwaWVudF9zdGF0ZT1NRCZnZW5lcmFsX3RyYW5zYWN0aW9uX3R5cGU9c3RhbmRhcmQmdHJhbnNhY3Rpb25fbmFtZXNwYWNlPXVybiUzQW5pbXNwJTNBdHJhbnNhY3Rpb24=,http://data.influenceexplorer.com/contributions/#Y29udHJpYnV0b3JfaW5kdXN0cnk9UTEyJnJlY2lwaWVudF9zdGF0ZT1NRCZnZW5lcmFsX3RyYW5zYWN0aW9uX3R5cGU9c3RhbmRhcmQmdHJhbnNhY3Rpb25fbmFtZXNwYWNlPXVybiUzQWZlYyUzQXRyYW5zYWN0aW9u,http://data.influenceexplorer.com/contributions/#Y29udHJpYnV0b3JfaW5kdXN0cnk9UTEyJnJlY2lwaWVudF9zdGF0ZT1NRCZnZW5lcmFsX3RyYW5zYWN0aW9uX3R5cGU9c3RhbmRhcmQmdHJhbnNhY3Rpb25fbmFtZXNwYWNlPXVybiUzQW5pbXNwJTNBdHJhbnNhY3Rpb24=,,,,,,,,,,,,,
MA,25,107612.24,54158,87104,20508.24,51308,2850,http://data.influenceexplorer.com/contributions/#Y29udHJpYnV0b3JfaW5kdXN0cnk9UTEzJnJlY2lwaWVudF9zdGF0ZT1NQSZnZW5lcmFsX3RyYW5zYWN0aW9uX3R5cGU9c3RhbmRhcmQmdHJhbnNhY3Rpb25fbmFtZXNwYWNlPXVybiUzQWZlYyUzQXRyYW5zYWN0aW9u,http://data.influenceexplorer.com/contributions/#Y29udHJpYnV0b3JfaW5kdXN0cnk9UTEzJnJlY2lwaWVudF9zdGF0ZT1NQSZnZW5lcmFsX3RyYW5zYWN0aW9uX3R5cGU9c3RhbmRhcmQmdHJhbnNhY3Rpb25fbmFtZXNwYWNlPXVybiUzQW5pbXNwJTNBdHJhbnNhY3Rpb24=,http://data.influenceexplorer.com/contributions/#Y29udHJpYnV0b3JfaW5kdXN0cnk9UTEyJnJlY2lwaWVudF9zdGF0ZT1NQSZnZW5lcmFsX3RyYW5zYWN0aW9uX3R5cGU9c3RhbmRhcmQmdHJhbnNhY3Rpb25fbmFtZXNwYWNlPXVybiUzQWZlYyUzQXRyYW5zYWN0aW9u,http://data.influenceexplorer.com/contributions/#Y29udHJpYnV0b3JfaW5kdXN0cnk9UTEyJnJlY2lwaWVudF9zdGF0ZT1NQSZnZW5lcmFsX3RyYW5zYWN0aW9uX3R5cGU9c3RhbmRhcmQmdHJhbnNhY3Rpb25fbmFtZXNwYWNlPXVybiUzQW5pbXNwJTNBdHJhbnNhY3Rpb24=,,,,,,,,,,,,,
MI,26,849960,58585,470185,379775,57760,825,http://data.influenceexplorer.com/contributions/#Y29udHJpYnV0b3JfaW5kdXN0cnk9UTEzJnJlY2lwaWVudF9zdGF0ZT1NSSZnZW5lcmFsX3RyYW5zYWN0aW9uX3R5cGU9c3RhbmRhcmQmdHJhbnNhY3Rpb25fbmFtZXNwYWNlPXVybiUzQWZlYyUzQXRyYW5zYWN0aW9u,http://data.influenceexplorer.com/contributions/#Y29udHJpYnV0b3JfaW5kdXN0cnk9UTEzJnJlY2lwaWVudF9zdGF0ZT1NSSZnZW5lcmFsX3RyYW5zYWN0aW9uX3R5cGU9c3RhbmRhcmQmdHJhbnNhY3Rpb25fbmFtZXNwYWNlPXVybiUzQW5pbXNwJTNBdHJhbnNhY3Rpb24=,http://data.influenceexplorer.com/contributions/#Y29udHJpYnV0b3JfaW5kdXN0cnk9UTEyJnJlY2lwaWVudF9zdGF0ZT1NSSZnZW5lcmFsX3RyYW5zYWN0aW9uX3R5cGU9c3RhbmRhcmQmdHJhbnNhY3Rpb25fbmFtZXNwYWNlPXVybiUzQWZlYyUzQXRyYW5zYWN0aW9u,http://data.influenceexplorer.com/contributions/#Y29udHJpYnV0b3JfaW5kdXN0cnk9UTEyJnJlY2lwaWVudF9zdGF0ZT1NSSZnZW5lcmFsX3RyYW5zYWN0aW9uX3R5cGU9c3RhbmRhcmQmdHJhbnNhY3Rpb25fbmFtZXNwYWNlPXVybiUzQW5pbXNwJTNBdHJhbnNhY3Rpb24=,,,,,,,,,,,,,
MN,27,501080,48950,486560,14520,48950,N/A,http://data.influenceexplorer.com/contributions/#Y29udHJpYnV0b3JfaW5kdXN0cnk9UTEzJnJlY2lwaWVudF9zdGF0ZT1NTiZnZW5lcmFsX3RyYW5zYWN0aW9uX3R5cGU9c3RhbmRhcmQmdHJhbnNhY3Rpb25fbmFtZXNwYWNlPXVybiUzQWZlYyUzQXRyYW5zYWN0aW9u,http://data.influenceexplorer.com/contributions/#Y29udHJpYnV0b3JfaW5kdXN0cnk9UTEzJnJlY2lwaWVudF9zdGF0ZT1NTiZnZW5lcmFsX3RyYW5zYWN0aW9uX3R5cGU9c3RhbmRhcmQmdHJhbnNhY3Rpb25fbmFtZXNwYWNlPXVybiUzQW5pbXNwJTNBdHJhbnNhY3Rpb24=,http://data.influenceexplorer.com/contributions/#Y29udHJpYnV0b3JfaW5kdXN0cnk9UTEyJnJlY2lwaWVudF9zdGF0ZT1NTiZnZW5lcmFsX3RyYW5zYWN0aW9uX3R5cGU9c3RhbmRhcmQmdHJhbnNhY3Rpb25fbmFtZXNwYWNlPXVybiUzQWZlYyUzQXRyYW5zYWN0aW9u,N/A,,,,,,,,,,,,,
MS,28,354490.62,2700,299313,55177.62,2700,N/A,http://data.influenceexplorer.com/contributions/#Y29udHJpYnV0b3JfaW5kdXN0cnk9UTEzJnJlY2lwaWVudF9zdGF0ZT1NUyZnZW5lcmFsX3RyYW5zYWN0aW9uX3R5cGU9c3RhbmRhcmQmdHJhbnNhY3Rpb25fbmFtZXNwYWNlPXVybiUzQWZlYyUzQXRyYW5zYWN0aW9u,http://data.influenceexplorer.com/contributions/#Y29udHJpYnV0b3JfaW5kdXN0cnk9UTEzJnJlY2lwaWVudF9zdGF0ZT1NUyZnZW5lcmFsX3RyYW5zYWN0aW9uX3R5cGU9c3RhbmRhcmQmdHJhbnNhY3Rpb25fbmFtZXNwYWNlPXVybiUzQW5pbXNwJTNBdHJhbnNhY3Rpb24=,http://data.influenceexplorer.com/contributions/#Y29udHJpYnV0b3JfaW5kdXN0cnk9UTEyJnJlY2lwaWVudF9zdGF0ZT1NUyZnZW5lcmFsX3RyYW5zYWN0aW9uX3R5cGU9c3RhbmRhcmQmdHJhbnNhY3Rpb25fbmFtZXNwYWNlPXVybiUzQWZlYyUzQXRyYW5zYWN0aW9u,N/A,,,,,,,,,,,,,
MO,29,683902,73638,563746,120156,66838,6800,http://data.influenceexplorer.com/contributions/#Y29udHJpYnV0b3JfaW5kdXN0cnk9UTEzJnJlY2lwaWVudF9zdGF0ZT1NTyZnZW5lcmFsX3RyYW5zYWN0aW9uX3R5cGU9c3RhbmRhcmQmdHJhbnNhY3Rpb25fbmFtZXNwYWNlPXVybiUzQWZlYyUzQXRyYW5zYWN0aW9u,http://data.influenceexplorer.com/contributions/#Y29udHJpYnV0b3JfaW5kdXN0cnk9UTEzJnJlY2lwaWVudF9zdGF0ZT1NTyZnZW5lcmFsX3RyYW5zYWN0aW9uX3R5cGU9c3RhbmRhcmQmdHJhbnNhY3Rpb25fbmFtZXNwYWNlPXVybiUzQW5pbXNwJTNBdHJhbnNhY3Rpb24=,http://data.influenceexplorer.com/contributions/#Y29udHJpYnV0b3JfaW5kdXN0cnk9UTEyJnJlY2lwaWVudF9zdGF0ZT1NTyZnZW5lcmFsX3RyYW5zYWN0aW9uX3R5cGU9c3RhbmRhcmQmdHJhbnNhY3Rpb25fbmFtZXNwYWNlPXVybiUzQWZlYyUzQXRyYW5zYWN0aW9u,http://data.influenceexplorer.com/contributions/#Y29udHJpYnV0b3JfaW5kdXN0cnk9UTEyJnJlY2lwaWVudF9zdGF0ZT1NTyZnZW5lcmFsX3RyYW5zYWN0aW9uX3R5cGU9c3RhbmRhcmQmdHJhbnNhY3Rpb25fbmFtZXNwYWNlPXVybiUzQW5pbXNwJTNBdHJhbnNhY3Rpb24=,,,,,,,,,,,,,
MT,30,291759,N/A,257555,34204,N/A,N/A,http://data.influenceexplorer.com/contributions/#Y29udHJpYnV0b3JfaW5kdXN0cnk9UTEzJnJlY2lwaWVudF9zdGF0ZT1NVCZnZW5lcmFsX3RyYW5zYWN0aW9uX3R5cGU9c3RhbmRhcmQmdHJhbnNhY3Rpb25fbmFtZXNwYWNlPXVybiUzQWZlYyUzQXRyYW5zYWN0aW9u,http://data.influenceexplorer.com/contributions/#Y29udHJpYnV0b3JfaW5kdXN0cnk9UTEzJnJlY2lwaWVudF9zdGF0ZT1NVCZnZW5lcmFsX3RyYW5zYWN0aW9uX3R5cGU9c3RhbmRhcmQmdHJhbnNhY3Rpb25fbmFtZXNwYWNlPXVybiUzQW5pbXNwJTNBdHJhbnNhY3Rpb24=,N/A,N/A,,,,,,,,,,,,,
NE,31,289549,11400,254429,35120,11400,N/A,http://data.influenceexplorer.com/contributions/#Y29udHJpYnV0b3JfaW5kdXN0cnk9UTEzJnJlY2lwaWVudF9zdGF0ZT1ORSZnZW5lcmFsX3RyYW5zYWN0aW9uX3R5cGU9c3RhbmRhcmQmdHJhbnNhY3Rpb25fbmFtZXNwYWNlPXVybiUzQWZlYyUzQXRyYW5zYWN0aW9u,http://data.influenceexplorer.com/contributions/#Y29udHJpYnV0b3JfaW5kdXN0cnk9UTEzJnJlY2lwaWVudF9zdGF0ZT1ORSZnZW5lcmFsX3RyYW5zYWN0aW9uX3R5cGU9c3RhbmRhcmQmdHJhbnNhY3Rpb25fbmFtZXNwYWNlPXVybiUzQW5pbXNwJTNBdHJhbnNhY3Rpb24=,http://data.influenceexplorer.com/contributions/#Y29udHJpYnV0b3JfaW5kdXN0cnk9UTEyJnJlY2lwaWVudF9zdGF0ZT1ORSZnZW5lcmFsX3RyYW5zYWN0aW9uX3R5cGU9c3RhbmRhcmQmdHJhbnNhY3Rpb25fbmFtZXNwYWNlPXVybiUzQWZlYyUzQXRyYW5zYWN0aW9u,N/A,,,,,,,,,,,,,
NV,32,459003.24,15000,356796,102207.24,15000,N/A,http://data.influenceexplorer.com/contributions/#Y29udHJpYnV0b3JfaW5kdXN0cnk9UTEzJnJlY2lwaWVudF9zdGF0ZT1OViZnZW5lcmFsX3RyYW5zYWN0aW9uX3R5cGU9c3RhbmRhcmQmdHJhbnNhY3Rpb25fbmFtZXNwYWNlPXVybiUzQWZlYyUzQXRyYW5zYWN0aW9u,http://data.influenceexplorer.com/contributions/#Y29udHJpYnV0b3JfaW5kdXN0cnk9UTEzJnJlY2lwaWVudF9zdGF0ZT1OViZnZW5lcmFsX3RyYW5zYWN0aW9uX3R5cGU9c3RhbmRhcmQmdHJhbnNhY3Rpb25fbmFtZXNwYWNlPXVybiUzQW5pbXNwJTNBdHJhbnNhY3Rpb24=,http://data.influenceexplorer.com/contributions/#Y29udHJpYnV0b3JfaW5kdXN0cnk9UTEyJnJlY2lwaWVudF9zdGF0ZT1OViZnZW5lcmFsX3RyYW5zYWN0aW9uX3R5cGU9c3RhbmRhcmQmdHJhbnNhY3Rpb25fbmFtZXNwYWNlPXVybiUzQWZlYyUzQXRyYW5zYWN0aW9u,N/A,,,,,,,,,,,,,
NH,33,296610,35837,274135,22475,34337,1500,http://data.influenceexplorer.com/contributions/#Y29udHJpYnV0b3JfaW5kdXN0cnk9UTEzJnJlY2lwaWVudF9zdGF0ZT1OSCZnZW5lcmFsX3RyYW5zYWN0aW9uX3R5cGU9c3RhbmRhcmQmdHJhbnNhY3Rpb25fbmFtZXNwYWNlPXVybiUzQWZlYyUzQXRyYW5zYWN0aW9u,http://data.influenceexplorer.com/contributions/#Y29udHJpYnV0b3JfaW5kdXN0cnk9UTEzJnJlY2lwaWVudF9zdGF0ZT1OSCZnZW5lcmFsX3RyYW5zYWN0aW9uX3R5cGU9c3RhbmRhcmQmdHJhbnNhY3Rpb25fbmFtZXNwYWNlPXVybiUzQW5pbXNwJTNBdHJhbnNhY3Rpb24=,http://data.influenceexplorer.com/contributions/#Y29udHJpYnV0b3JfaW5kdXN0cnk9UTEyJnJlY2lwaWVudF9zdGF0ZT1OSCZnZW5lcmFsX3RyYW5zYWN0aW9uX3R5cGU9c3RhbmRhcmQmdHJhbnNhY3Rpb25fbmFtZXNwYWNlPXVybiUzQWZlYyUzQXRyYW5zYWN0aW9u,http://data.influenceexplorer.com/contributions/#Y29udHJpYnV0b3JfaW5kdXN0cnk9UTEyJnJlY2lw625.0,,,,,,,,,,,,,
NJ,34,259702,112164,104302,155400,90164,22000,http://data.influenceexplorer.com/contributions/#Y29udHJpYnV0b3JfaW5kdXN0cnk9UTEzJnJlY2lwaWVudF9zdGF0ZT1OSiZnZW5lcmFsX3RyYW5zYWN0aW9uX3R5cGU9c3RhbmRhcmQmdHJhbnNhY3Rpb25fbmFtZXNwYWNlPXVybiUzQWZlYyUzQXRyYW5zYWN0aW9u,http://data.influenceexplorer.com/contributions/#Y29udHJpYnV0b3JfaW5kdXN0cnk9UTEzJnJlY2lwaWVudF9zdGF0ZT1OSiZnZW5lcmFsX3RyYW5zYWN0aW9uX3R5cGU9c3RhbmRhcmQmdHJhbnNhY3Rpb25fbmFtZXNwYWNlPXVybiUzQW5pbXNwJTNBdHJhbnNhY3Rpb24=,http://data.influenceexplorer.com/contributions/#Y29udHJpYnV0b3JfaW5kdXN0cnk9UTEyJnJlY2lwaWVudF9zdGF0ZT1OSiZnZW5lcmFsX3RyYW5zYWN0aW9uX3R5cGU9c3RhbmRhcmQmdHJhbnNhY3Rpb25fbmFtZXNwYWNlPXVybiUzQWZlYyUzQXRyYW5zYWN0aW9u,http://data.influenceexplorer.com/contributions/#Y29udHJpYnV0b3JfaW5kdXN0cnk9UTEyJnJlY2lwaWVudF9zdGF0ZT1OSiZnZW5lcmFsX3RyYW5zYWN0aW9uX3R5cGU9c3RhbmRhcmQmdHJhbnNhY3Rpb25fbmFtZXNwYWNlPXVybiUzQW5pbXNwJTNBdHJhbnNhY3Rpb24=,,,,,,,,,,,,,
NM,35,339823,17675,228873,110950,17500,175,http://data.influenceexplorer.com/contributions/#Y29udHJpYnV0b3JfaW5kdXN0cnk9UTEzJnJlY2lwaWVudF9zdGF0ZT1OTSZnZW5lcmFsX3RyYW5zYWN0aW9uX3R5cGU9c3RhbmRhcmQmdHJhbnNhY3Rpb25fbmFtZXNwYWNlPXVybiUzQWZlYyUzQXRyYW5zYWN0aW9u,http://data.influenceexplorer.com/contributions/#Y29udHJpYnV0b3JfaW5kdXN0cnk9UTEzJnJlY2lwaWVudF9zdGF0ZT1OTSZnZW5lcmFsX3RyYW5zYWN0aW9uX3R5cGU9c3RhbmRhcmQmdHJhbnNhY3Rpb25fbmFtZXNwYWNlPXVybiUzQW5pbXNwJTNBdHJhbnNhY3Rpb24=,http://data.influenceexplorer.com/contributions/#Y29udHJpYnV0b3JfaW5kdXN0cnk9UTEyJnJlY2lwaWVudF9zdGF0ZT1OTSZnZW5lcmFsX3RyYW5zYWN0aW9uX3R5cGU9c3RhbmRhcmQmdHJhbnNhY3Rpb25fbmFtZXNwYWNlPXVybiUzQWZlYyUzQXRyYW5zYWN0aW9u,http://data.influenceexplorer.com/contributions/#Y29udHJpYnV0b3JfaW5kdXN0cnk9UTEyJnJlY2lwaWVudF9zdGF0ZT1OTSZnZW5lcmFsX3RyYW5zYWN0aW9uX3R5cGU9c3RhbmRhcmQmdHJhbnNhY3Rpb25fbmFtZXNwYWNlPXVybiUzQW5pbXNwJTNBdHJhbnNhY3Rpb24=,,,,,,,,,,,,,
NY,36,897014,181441,410928,486086,164466,16975,http://data.influenceexplorer.com/contributions/#Y29udHJpYnV0b3JfaW5kdXN0cnk9UTEzJnJlY2lwaWVudF9zdGF0ZT1OWSZnZW5lcmFsX3RyYW5zYWN0aW9uX3R5cGU9c3RhbmRhcmQmdHJhbnNhY3Rpb25fbmFtZXNwYWNlPXVybiUzQWZlYyUzQXRyYW5zYWN0aW9u,http://data.influenceexplorer.com/contributions/#Y29udHJpYnV0b3JfaW5kdXN0cnk9UTEzJnJlY2lwaWVudF9zdGF0ZT1OWSZnZW5lcmFsX3RyYW5zYWN0aW9uX3R5cGU9c3RhbmRhcmQmdHJhbnNhY3Rpb25fbmFtZXNwYWNlPXVybiUzQW5pbXNwJTNBdHJhbnNhY3Rpb24=,http://data.influenceexplorer.com/contributions/#Y29udHJpYnV0b3JfaW5kdXN0cnk9UTEyJnJlY2lwaWVudF9zdGF0ZT1OWSZnZW5lcmFsX3RyYW5zYWN0aW9uX3R5cGU9c3RhbmRhcmQmdHJhbnNhY3Rpb25fbmFtZXNwYWNlPXVybiUzQWZlYyUzQXRyYW5zYWN0aW9u,http://data.influenceexplorer.com/contributions/#Y29udHJpYnV0b3JfaW5kdXN0cnk9UTEyJnJlY2lwaWVudF9zdGF0ZT1OWSZnZW5lcmFsX3RyYW5zYWN0aW9uX3R5cGU9c3RhbmRhcmQmdHJhbnNhY3Rpb25fbmFtZXNwYWNlPXVybiUzQW5pbXNwJTNBdHJhbnNhY3Rpb24=,,,,,,,,,,,,,
NC,37,756614,27650,627921,128693,27550,100,http://data.influenceexplorer.com/contributions/#Y29udHJpYnV0b3JfaW5kdXN0cnk9UTEzJnJlY2lwaWVudF9zdGF0ZT1OQyZnZW5lcmFsX3RyYW5zYWN0aW9uX3R5cGU9c3RhbmRhcmQmdHJhbnNhY3Rpb25fbmFtZXNwYWNlPXVybiUzQWZlYyUzQXRyYW5zYWN0aW9u,http://data.influenceexplorer.com/contributions/#Y29udHJpYnV0b3JfaW5kdXN0cnk9UTEzJnJlY2lwaWVudF9zdGF0ZT1OQyZnZW5lcmFsX3RyYW5zYWN0aW9uX3R5cGU9c3RhbmRhcmQmdHJhbnNhY3Rpb25fbmFtZXNwYWNlPXVybiUzQW5pbXNwJTNBdHJhbnNhY3Rpb24=,http://data.influenceexplorer.com/contributions/#Y29udHJpYnV0b3JfaW5kdXN0cnk9UTEyJnJlY2lwaWVudF9zdGF0ZT1OQyZnZW5lcmFsX3RyYW5zYWN0aW9uX3R5cGU9c3RhbmRhcmQmdHJhbnNhY3Rpb25fbmFtZXNwYWNlPXVybiUzQWZlYyUzQXRyYW5zYWN0aW9u,http://data.influenceexplorer.com/contributions/#Y29udHJpYnV0b3JfaW5kdXN0cnk9UTEyJnJlY2lwaWVudF9zdGF0ZT1OQyZnZW5lcmFsX3RyYW5zYWN0aW9uX3R5cGU9c3RhbmRhcmQmdHJhbnNhY3Rpb25fbmFtZXNwYWNlPXVybiUzQW5pbXNwJTNBdHJhbnNhY3Rpb24=,,,,,,,,,,,,,
ND,38,173834,N/A,111084,62750,N/A,N/A,http://data.influenceexplorer.com/contributions/#Y29udHJpYnV0b3JfaW5kdXN0cnk9UTEzJnJlY2lwaWVudF9zdGF0ZT1ORCZnZW5lcmFsX3RyYW5zYWN0aW9uX3R5cGU9c3RhbmRhcmQmdHJhbnNhY3Rpb25fbmFtZXNwYWNlPXVybiUzQWZlYyUzQXRyYW5zYWN0aW9u,http://data.influenceexplorer.com/contributions/#Y29udHJpYnV0b3JfaW5kdXN0cnk9UTEzJnJlY2lwaWVudF9zdGF0ZT1ORCZnZW5lcmFsX3RyYW5zYWN0aW9uX3R5cGU9c3RhbmRhcmQmdHJhbnNhY3Rpb25fbmFtZXNwYWNlPXVybiUzQW5pbXNwJTNBdHJhbnNhY3Rpb24=,N/A,N/A,,,,,,,,,,,,,
OH,39,1173329.42,44817,779208,394121.42,42267,2550,http://data.influenceexplorer.com/contributions/#Y29udHJpYnV0b3JfaW5kdXN0cnk9UTEzJnJlY2lwaWVudF9zdGF0ZT1PSCZnZW5lcmFsX3RyYW5zYWN0aW9uX3R5cGU9c3RhbmRhcmQmdHJhbnNhY3Rpb25fbmFtZXNwYWNlPXVybiUzQWZlYyUzQXRyYW5zYWN0aW9u,http://data.influenceexplorer.com/contributions/#Y29udHJpYnV0b3JfaW5kdXN0cnk9UTEzJnJlY2lwaWVudF9zdGF0ZT1PSCZnZW5lcmFsX3RyYW5zYWN0aW9uX3R5cGU9c3RhbmRhcmQmdHJhbnNhY3Rpb25fbmFtZXNwYWNlPXVybiUzQW5pbXNwJTNBdHJhbnNhY3Rpb24=,http://data.influenceexplorer.com/contributions/#Y29udHJpYnV0b3JfaW5kdXN0cnk9UTEyJnJlY2lwaWVudF9zdGF0ZT1PSCZnZW5lcmFsX3RyYW5zYWN0aW9uX3R5cGU9c3RhbmRhcmQmdHJhbnNhY3Rpb25fbmFtZXNwYWNlPXVybiUzQWZlYyUzQXRyYW5zYWN0aW9u,http://data.influenceexplorer.com/contributions/#Y29udHJpYnV0b3JfaW5kdXN0cnk9UTEyJnJlY2lwaWVudF9zdGF0ZT1PSCZnZW5lcmFsX3RyYW5zYWN0aW9uX3R5cGU9c3RhbmRhcmQmdHJhbnNhY3Rpb25fbmFtZXNwYWNlPXVybiUzQW5pbXNwJTNBdHJhbnNhY3Rpb24=,,,,,,,,,,,,,
OK,40,482449,N/A,423249,59200,N/A,N/A,http://data.influenceexplorer.com/contributions/#Y29udHJpYnV0b3JfaW5kdXN0cnk9UTEzJnJlY2lwaWVudF9zdGF0ZT1PSyZnZW5lcmFsX3RyYW5zYWN0aW9uX3R5cGU9c3RhbmRhcmQmdHJhbnNhY3Rpb25fbmFtZXNwYWNlPXVybiUzQWZlYyUzQXRyYW5zYWN0aW9u,http://data.influenceexplorer.com/contributions/#Y29udHJpYnV0b3JfaW5kdXN0cnk9UTEzJnJlY2lwaWVudF9zdGF0ZT1PSyZnZW5lcmFsX3RyYW5zYWN0aW9uX3R5cGU9c3RhbmRhcmQmdHJhbnNhY3Rpb25fbmFtZXNwYWNlPXVybiUzQW5pbXNwJTNBdHJhbnNhY3Rpb24=,N/A,N/A,,,,,,,,,,,,,
OR,41,478500.31,51370,198955,279545.31,50920,450,http://data.influenceexplorer.com/contributions/#Y29udHJpYnV0b3JfaW5kdXN0cnk9UTEzJnJlY2lwaWVudF9zdGF0ZT1PUiZnZW5lcmFsX3RyYW5zYWN0aW9uX3R5cGU9c3RhbmRhcmQmdHJhbnNhY3Rpb25fbmFtZXNwYWNlPXVybiUzQWZlYyUzQXRyYW5zYWN0aW9u,http://data.influenceexplorer.com/contributions/#Y29udHJpYnV0b3JfaW5kdXN0cnk9UTEzJnJlY2lwaWVudF9zdGF0ZT1PUiZnZW5lcmFsX3RyYW5zYWN0aW9uX3R5cGU9c3RhbmRhcmQmdHJhbnNhY3Rpb25fbmFtZXNwYWNlPXVybiUzQW5pbXNwJTNBdHJhbnNhY3Rpb24=,http://data.influenceexplorer.com/contributions/#Y29udHJpYnV0b3JfaW5kdXN0cnk9UTEyJnJlY2lwaWVudF9zdGF0ZT1PUiZnZW5lcmFsX3RyYW5zYWN0aW9uX3R5cGU9c3RhbmRhcmQmdHJhbnNhY3Rpb25fbmFtZXNwYWNlPXVybiUzQWZlYyUzQXRyYW5zYWN0aW9u,http://data.influenceexplorer.com/contributions/#Y29udHJpYnV0b3JfaW5kdXN0cnk9UTEyJnJlY2lwaWVudF9zdGF0ZT1PUiZnZW5lcmFsX3RyYW5zYWN0aW9uX3R5cGU9c3RhbmRhcmQmdHJhbnNhY3Rpb25fbmFtZXNwYWNlPXVybiUzQW5pbXNwJTNBdHJhbnNhY3Rpb24=,,,,,,,,,,,,,
PA,42,1053915.34,130990,851067,202848.34,88190,42800,http://data.influenceexplorer.com/contributions/#Y29udHJpYnV0b3JfaW5kdXN0cnk9UTEzJnJlY2lwaWVudF9zdGF0ZT1QQSZnZW5lcmFsX3RyYW5zYWN0aW9uX3R5cGU9c3RhbmRhcmQmdHJhbnNhY3Rpb25fbmFtZXNwYWNlPXVybiUzQWZlYyUzQXRyYW5zYWN0aW9u,http://data.influenceexplorer.com/contributions/#Y29udHJpYnV0b3JfaW5kdXN0cnk9UTEzJnJlY2lwaWVudF9zdGF0ZT1QQSZnZW5lcmFsX3RyYW5zYWN0aW9uX3R5cGU9c3RhbmRhcmQmdHJhbnNhY3Rpb25fbmFtZXNwYWNlPXVybiUzQW5pbXNwJTNBdHJhbnNhY3Rpb24=,http://data.influenceexplorer.com/contributions/#Y29udHJpYnV0b3JfaW5kdXN0cnk9UTEyJnJlY2lwaWVudF9zdGF0ZT1QQSZnZW5lcmFsX3RyYW5zYWN0aW9uX3R5cGU9c3RhbmRhcmQmdHJhbnNhY3Rpb25fbmFtZXNwYWNlPXVybiUzQWZlYyUzQXRyYW5zYWN0aW9u,http://data.influenceexplorer.com/contributions/#Y29udHJpYnV0b3JfaW5kdXN0cnk9UTEyJnJlY2lwaWVudF9zdGF0ZT1QQSZnZW5lcmFsX3RyYW5zYWN0aW9uX3R5cGU9c3RhbmRhcmQmdHJhbnNhY3Rpb25fbmFtZXNwYWNlPXVybiUzQW5pbXNwJTNBdHJhbnNhY3Rpb24=,,,,,,,,,,,,,
RI,44,233762,19557,5612,228150,19557,N/A,http://data.influenceexplorer.com/contributions/#Y29udHJpYnV0b3JfaW5kdXN0cnk9UTEzJnJlY2lwaWVudF9zdGF0ZT1SSSZnZW5lcmFsX3RyYW5zYWN0aW9uX3R5cGU9c3RhbmRhcmQmdHJhbnNhY3Rpb25fbmFtZXNwYWNlPXVybiUzQWZlYyUzQXRyYW5zYWN0aW9u,http://data.influenceexplorer.com/contributions/#Y29udHJpYnV0b3JfaW5kdXN0cnk9UTEzJnJlY2lwaWVudF9zdGF0ZT1SSSZnZW5lcmFsX3RyYW5zYWN0aW9uX3R5cGU9c3RhbmRhcmQmdHJhbnNhY3Rpb25fbmFtZXNwYWNlPXVybiUzQW5pbXNwJTNBdHJhbnNhY3Rpb24=,http://data.influenceexplorer.com/contributions/#Y29udHJpYnV0b3JfaW5kdXN0cnk9UTEyJnJlY2lwaWVudF9zdGF0ZT1SSSZnZW5lcmFsX3RyYW5zYWN0aW9uX3R5cGU9c3RhbmRhcmQmdHJhbnNhY3Rpb25fbmFtZXNwYWNlPXVybiUzQWZlYyUzQXRyYW5zYWN0aW9u,N/A,,,,,,,,,,,,,
SC,45,380933,6500,278833,102100,6500,N/A,http://data.influenceexplorer.com/contributions/#Y29udHJpYnV0b3JfaW5kdXN0cnk9UTEzJnJlY2lwaWVudF9zdGF0ZT1TQyZnZW5lcmFsX3RyYW5zYWN0aW9uX3R5cGU9c3RhbmRhcmQmdHJhbnNhY3Rpb25fbmFtZXNwYWNlPXVybiUzQWZlYyUzQXRyYW5zYWN0aW9u,http://data.influenceexplorer.com/contributions/#Y29udHJpYnV0b3JfaW5kdXN0cnk9UTEzJnJlY2lwaWVudF9zdGF0ZT1TQyZnZW5lcmFsX3RyYW5zYWN0aW9uX3R5cGU9c3RhbmRhcmQmdHJhbnNhY3Rpb25fbmFtZXNwYWNlPXVybiUzQW5pbXNwJTNBdHJhbnNhY3Rpb24=,http://data.influenceexplorer.com/contributions/#Y29udHJpYnV0b3JfaW5kdXN0cnk9UTEyJnJlY2lwaWVudF9zdGF0ZT1TQyZnZW5lcmFsX3RyYW5zYWN0aW9uX3R5cGU9c3RhbmRhcmQmdHJhbnNhY3Rpb25fbmFtZXNwYWNlPXVybiUzQWZlYyUzQXRyYW5zYWN0aW9u,N/A,,,,,,,,,,,,,
SD,46,249010,12250,222240,26770,12250,N/A,http://data.influenceexplorer.com/contributions/#Y29udHJpYnV0b3JfaW5kdXN0cnk9UTEzJnJlY2lwaWVudF9zdGF0ZT1TRCZnZW5lcmFsX3RyYW5zYWN0aW9uX3R5cGU9c3RhbmRhcmQmdHJhbnNhY3Rpb25fbmFtZXNwYWNlPXVybiUzQWZlYyUzQXRyYW5zYWN0aW9u,http://data.influenceexplorer.com/contributions/#Y29udHJpYnV0b3JfaW5kdXN0cnk9UTEzJnJlY2lwaWVudF9zdGF0ZT1TRCZnZW5lcmFsX3RyYW5zYWN0aW9uX3R5cGU9c3RhbmRhcmQmdHJhbnNhY3Rpb25fbmFtZXNwYWNlPXVybiUzQW5pbXNwJTNBdHJhbnNhY3Rpb24=,http://data.influenceexplorer.com/contributions/#Y29udHJpYnV0b3JfaW5kdXN0cnk9UTEyJnJlY2lwaWVudF9zdGF0ZT1TRCZnZW5lcmFsX3RyYW5zYWN0aW9uX3R5cGU9c3RhbmRhcmQmdHJhbnNhY3Rpb25fbmFtZXNwYWNlPXVybiUzQWZlYyUzQXRyYW5zYWN0aW9u,N/A,,,,,,,,,,,,,
TN,47,564874.81,2500,394771,170103.81,2500,N/A,http://data.influenceexplorer.com/contributions/#Y29udHJpYnV0b3JfaW5kdXN0cnk9UTEzJnJlY2lwaWVudF9zdGF0ZT1UTiZnZW5lcmFsX3RyYW5zYWN0aW9uX3R5cGU9c3RhbmRhcmQmdHJhbnNhY3Rpb25fbmFtZXNwYWNlPXVybiUzQWZlYyUzQXRyYW5zYWN0aW9u,http://data.influenceexplorer.com/contributions/#Y29udHJpYnV0b3JfaW5kdXN0cnk9UTEzJnJlY2lwaWVudF9zdGF0ZT1UTiZnZW5lcmFsX3RyYW5zYWN0aW9uX3R5cGU9c3RhbmRhcmQmdHJhbnNhY3Rpb25fbmFtZXNwYWNlPXVybiUzQW5pbXNwJTNBdHJhbnNhY3Rpb24=,http://data.influenceexplorer.com/contributions/#Y29udHJpYnV0b3JfaW5kdXN0cnk9UTEyJnJlY2lwaWVudF9zdGF0ZT1UTiZnZW5lcmFsX3RyYW5zYWN0aW9uX3R5cGU9c3RhbmRhcmQmdHJhbnNhY3Rpb25fbmFtZXNwYWNlPXVybiUzQWZlYyUzQXRyYW5zYWN0aW9u,N/A,,,,,,,,,,,,,
TX,48,2054592.11,22132,1596870,457722.11,15057,7075,http://data.influenceexplorer.com/contributions/#Y29udHJpYnV0b3JfaW5kdXN0cnk9UTEzJnJlY2lwaWVudF9zdGF0ZT1UWCZnZW5lcmFsX3RyYW5zYWN0aW9uX3R5cGU9c3RhbmRhcmQmdHJhbnNhY3Rpb25fbmFtZXNwYWNlPXVybiUzQWZlYyUzQXRyYW5zYWN0aW9u,http://data.influenceexplorer.com/contributions/#Y29udHJpYnV0b3JfaW5kdXN0cnk9UTEzJnJlY2lwaWVudF9zdGF0ZT1UWCZnZW5lcmFsX3RyYW5zYWN0aW9uX3R5cGU9c3RhbmRhcmQmdHJhbnNhY3Rpb25fbmFtZXNwYWNlPXVybiUzQW5pbXNwJTNBdHJhbnNhY3Rpb24=,http://data.influenceexplorer.com/contributions/#Y29udHJpYnV0b3JfaW5kdXN0cnk9UTEyJnJlY2lwaWVudF9zdGF0ZT1UWCZnZW5lcmFsX3RyYW5zYWN0aW9uX3R5cGU9c3RhbmRhcmQmdHJhbnNhY3Rpb25fbmFtZXNwYWNlPXVybiUzQWZlYyUzQXRyYW5zYWN0aW9u,http://data.influenceexplorer.com/contributions/#Y29udHJpYnV0b3JfaW5kdXN0cnk9UTEyJnJlY2lwaWVudF9zdGF0ZT1UWCZnZW5lcmFsX3RyYW5zYWN0aW9uX3R5cGU9c3RhbmRhcmQmdHJhbnNhY3Rpb25fbmFtZXNwYWNlPXVybiUzQW5pbXNwJTNBdHJhbnNhY3Rpb24=,,,,,,,,,,,,,
UT,49,382254,13480,277404,104850,13230,250,http://data.influenceexplorer.com/contributions/#Y29udHJpYnV0b3JfaW5kdXN0cnk9UTEzJnJlY2lwaWVudF9zdGF0ZT1VVCZnZW5lcmFsX3RyYW5zYWN0aW9uX3R5cGU9c3RhbmRhcmQmdHJhbnNhY3Rpb25fbmFtZXNwYWNlPXVybiUzQWZlYyUzQXRyYW5zYWN0aW9u,http://data.influenceexplorer.com/contributions/#Y29udHJpYnV0b3JfaW5kdXN0cnk9UTEzJnJlY2lwaWVudF9zdGF0ZT1VVCZnZW5lcmFsX3RyYW5zYWN0aW9uX3R5cGU9c3RhbmRhcmQmdHJhbnNhY3Rpb25fbmFtZXNwYWNlPXVybiUzQW5pbXNwJTNBdHJhbnNhY3Rpb24=,http://data.influenceexplorer.com/contributions/#Y29udHJpYnV0b3JfaW5kdXN0cnk9UTEyJnJlY2lwaWVudF9zdGF0ZT1VVCZnZW5lcmFsX3RyYW5zYWN0aW9uX3R5cGU9c3RhbmRhcmQmdHJhbnNhY3Rpb25fbmFtZXNwYWNlPXVybiUzQWZlYyUzQXRyYW5zYWN0aW9u,http://data.influenceexplorer.com/contributions/#Y29udHJpYnV0b3JfaW5kdXN0cnk9UTEyJnJlY2lwaWVudF9zdGF0ZT1VVCZnZW5lcmFsX3RyYW5zYWN0aW9uX3R5cGU9c3RhbmRhcmQmdHJhbnNhY3Rpb25fbmFtZXNwYWNlPXVybiUzQW5pbXNwJTNBdHJhbnNhY3Rpb24=,,,,,,,,,,,,,
VT,50,44380,4500,7550,36830,4500,N/A,http://data.influenceexplorer.com/contributions/#Y29udHJpYnV0b3JfaW5kdXN0cnk9UTEzJnJlY2lwaWVudF9zdGF0ZT1WVCZnZW5lcmFsX3RyYW5zYWN0aW9uX3R5cGU9c3RhbmRhcmQmdHJhbnNhY3Rpb25fbmFtZXNwYWNlPXVybiUzQWZlYyUzQXRyYW5zYWN0aW9u,http://data.influenceexplorer.com/contributions/#Y29udHJpYnV0b3JfaW5kdXN0cnk9UTEzJnJlY2lwaWVudF9zdGF0ZT1WVCZnZW5lcmFsX3RyYW5zYWN0aW9uX3R5cGU9c3RhbmRhcmQmdHJhbnNhY3Rpb25fbmFtZXNwYWNlPXVybiUzQW5pbXNwJTNBdHJhbnNhY3Rpb24=,http://data.influenceexplorer.com/contributions/#Y29udHJpYnV0b3JfaW5kdXN0cnk9UTEyJnJlY2lwaWVudF9zdGF0ZT1WVCZnZW5lcmFsX3RyYW5zYWN0aW9uX3R5cGU9c3RhbmRhcmQmdHJhbnNhY3Rpb25fbmFtZXNwYWNlPXVybiUzQWZlYyUzQXRyYW5zYWN0aW9u,N/A,,,,,,,,,,,,,
VA,51,928528.91,72000,591016,337512.91,36000,36000,http://data.influenceexplorer.com/contributions/#Y29udHJpYnV0b3JfaW5kdXN0cnk9UTEzJnJlY2lwaWVudF9zdGF0ZT1WQSZnZW5lcmFsX3RyYW5zYWN0aW9uX3R5cGU9c3RhbmRhcmQmdHJhbnNhY3Rpb25fbmFtZXNwYWNlPXVybiUzQWZlYyUzQXRyYW5zYWN0aW9u,http://data.influenceexplorer.com/contributions/#Y29udHJpYnV0b3JfaW5kdXN0cnk9UTEzJnJlY2lwaWVudF9zdGF0ZT1WQSZnZW5lcmFsX3RyYW5zYWN0aW9uX3R5cGU9c3RhbmRhcmQmdHJhbnNhY3Rpb25fbmFtZXNwYWNlPXVybiUzQW5pbXNwJTNBdHJhbnNhY3Rpb24=,http://data.influenceexplorer.com/contributions/#Y29udHJpYnV0b3JfaW5kdXN0cnk9UTEyJnJlY2lwaWVudF9zdGF0ZT1WQSZnZW5lcmFsX3RyYW5zYWN0aW9uX3R5cGU9c3RhbmRhcmQmdHJhbnNhY3Rpb25fbmFtZXNwYWNlPXVybiUzQWZlYyUzQXRyYW5zYWN0aW9u,http://data.influenceexplorer.com/contributions/#Y29udHJpYnV0b3JfaW5kdXN0cnk9UTEyJnJlY2lwaWVudF9zdGF0ZT1WQSZnZW5lcmFsX3RyYW5zYWN0aW9uX3R5cGU9c3RhbmRhcmQmdHJhbnNhY3Rpb25fbmFtZXNwYWNlPXVybiUzQW5pbXNwJTNBdHJhbnNhY3Rpb24=,,,,,,,,,,,,,
WA,53,1293688.29,74782,367565,926123.29,58882,15900,http://data.influenceexplorer.com/contributions/#Y29udHJpYnV0b3JfaW5kdXN0cnk9UTEzJnJlY2lwaWVudF9zdGF0ZT1XQSZnZW5lcmFsX3RyYW5zYWN0aW9uX3R5cGU9c3RhbmRhcmQmdHJhbnNhY3Rpb25fbmFtZXNwYWNlPXVybiUzQWZlYyUzQXRyYW5zYWN0aW9u,http://data.influenceexplorer.com/contributions/#Y29udHJpaWVudF9zdGF0ZT1OSCZnZW5lcmFsX3RyYW5zYWN0aW9uX3R5cGU9c3RhbmRhcmQmdHJhbnNhY3Rpb25fbmFtZXNwYWNlPXVybiUzQW5pbXNwJTNBdHJhbnNhY3Rpb24=
404736.0,506661.0,18625.0,WI,75.0,101925.0,55,18550.0,http://data.influenceexplorer.com/contributions/#Y29udHJpYnV0b3JfaW5kdXN0cnk9UTEzJnJlY2lwaWVudF9zdGF0ZT1XSSZnZW5lcmFsX3RyYW5zYWN0aW9uX3R5cGU9c3RhbmRhcmQmdHJhbnNhY3Rpb25fbmFtZXNwYWNlPXVybiUzQWZlYyUzQXRyYW5zYWN0aW9u,http://data.influenceexplorer.com/contributions/#Y29udHJpYnV0b3JfaW5kdXN0cnk9UTEzJnJlY2lwaWVudF9zdGF0ZT1XSSZnZW5lcmFsX3RyYW5zYWN0aW9uX3R5cGU9c3RhbmRhcmQmdHJhbnNhY3Rpb25fbmFtZXNwYWNlPXVybiUzQW5pbXNwJTNBdHJhbnNhY3Rpb24=,http://data.influenceexplorer.com/contributions/#Y29udHJpYnV0b3JfaW5kdXN0cnk9UTEyJnJlY2lwaWVudF9zdGF0ZT1XSSZnZW5lcmFsX3RyYW5zYWN0aW9uX3R5cGU9c3RhbmRhcmQmdHJhbnNhY3Rpb25fbmFtZXNwYWNlPXVybiUzQWZlYyUzQXRyYW5zYWN0aW9u,http://data.influenceexplorer.com/contributions/#Y29udHJpYnV0b3JfaW5kdXN0cnk9UTEyJnJlY2lwaWVudF9zdGF0ZT1XSSZnZW5lcmFsX3RyYW5zYWN0aW9uX3R5cGU9c3RhbmRhcmQmdHJhbnNhY3Rpb25fbmFtZXNwYWNlPXVybiUzQW5pbXNwJTNBdHJhbnNhY3Rpb24=
356796.0,459003.24,15000.0,NV,N/A,102207.24,32,15000.0,http://data.influenceexplorer.com/contributions/#Y29udHJpYnV0b3JfaW5kdXN0cnk9UTEzJnJlY2lwaWVudF9zdGF0ZT1OViZnZW5lcmFsX3RyYW5zYWN0aW9uX3R5cGU9c3RhbmRhcmQmdHJhbnNhY3Rpb25fbmFtZXNwYWNlPXVybiUzQWZlYyUzQXRyYW5zYWN0aW9u,http://data.influenceexplorer.com/contributions/#Y29udHJpYnV0b3JfaW5kdXN0cnk9UTEzJnJlY2lwaWVudF9zdGF0ZT1OViZnZW5lcmFsX3RyYW5zYWN0aW9uX3R5cGU9c3RhbmRhcmQmdHJhbnNhY3Rpb25fbmFtZXNwYWNlPXVybiUzQW5pbXNwJTNBdHJhbnNhY3Rpb24=,http://data.influenceexplorer.com/contributions/#Y29udHJpYnV0b3JfaW5kdXN0cnk9UTEyJnJlY2lwaWVudF9zdGF0ZT1OViZnZW5lcmFsX3RyYW5zYWN0aW9uX3R5cGU9c3RhbmRhcmQmdHJhbnNhY3Rpb25fbmFtZXNwYWNlPXVybiUzQWZlYyUzQXRyYW5zYWN0aW9u,N/A
5612.0,233762.0,19557.0,RI,N/A,228150.0,44,19557.0,http://data.influenceexplorer.com/contributions/#Y29udHJpYnV0b3JfaW5kdXN0cnk9UTEzJnJlY2lwaWVudF9zdGF0ZT1SSSZnZW5lcmFsX3RyYW5zYWN0aW9uX3R5cGU9c3RhbmRhcmQmdHJhbnNhY3Rpb25fbmFtZXNwYWNlPXVybiUzQWZlYyUzQXRyYW5zYWN0aW9u,http://data.influenceexplorer.com/contributions/#Y29udHJpYnV0b3JfaW5kdXN0cnk9UTEzJnJlY2lwaWVudF9zdGF0ZT1SSSZnZW5lcmFsX3RyYW5zYWN0aW9uX3R5cGU9c3RhbmRhcmQmdHJhbnNhY3Rpb25fbmFtZXNwYWNlPXVybiUzQW5pbXNwJTNBdHJhbnNhY3Rpb24=,http://data.influenceexplorer.com/contributions/#Y29udHJpYnV0b3JfaW5kdXN0cnk9UTEyJnJlY2lwaWVudF9zdGF0ZT1SSSZnZW5lcmFsX3RyYW5zYWN0aW9uX3R5cGU9c3RhbmRhcmQmdHJhbnNhY3Rpb25fbmFtZXNwYWNlPXVybiUzQWZlYyUzQXRyYW5zYWN0aW9u,N/A
,,,,,,,
